{"parent":"minecraft:item/generated","textures":{"layer0":"minecraft:item/leather_horse_armor"},"overrides":[{"predicate":{"custom_model_data":1},"model":"modelengine:kindletronsr/kindletronsr"},{"predicate":{"custom_model_data":2},"model":"modelengine:kindletronsr/head"},{"predicate":{"custom_model_data":3},"model":"modelengine:kindletronsr/rightarm"},{"predicate":{"custom_model_data":4},"model":"modelengine:kindletronsr/righthand"},{"predicate":{"custom_model_data":5},"model":"modelengine:kindletronsr/leftarm"},{"predicate":{"custom_model_data":6},"model":"modelengine:kindletronsr/lefthand"},{"predicate":{"custom_model_data":7},"model":"modelengine:kindletronsr/rightleg"},{"predicate":{"custom_model_data":8},"model":"modelengine:kindletronsr/rightfoot"},{"predicate":{"custom_model_data":9},"model":"modelengine:kindletronsr/leftleg"},{"predicate":{"custom_model_data":10},"model":"modelengine:kindletronsr/leftfoot"}]}