{"textures":{"0":"modelengine:entity/kindletronsr4"},"elements":[{"from":[6.285714,8.0,5.714286],"to":[9.714286,9.714286,8.571428],"rotation":{"angle":0.0,"axis":"y","origin":[8.0,8.857143,7.142857]},"faces":{"east":{"uv":[10.75,3.625,11.375,4.0],"rotation":0,"texture":"#0","tintindex":0},"south":{"uv":[9.25,12.25,10.0,12.625],"rotation":0,"texture":"#0","tintindex":0},"north":{"uv":[12.25,9.125,13.0,9.5],"rotation":0,"texture":"#0","tintindex":0},"west":{"uv":[12.375,4.875,13.0,5.25],"rotation":0,"texture":"#0","tintindex":0},"up":{"uv":[12.25,9.625,11.5,9.0],"rotation":0,"texture":"#0","tintindex":0},"down":{"uv":[12.375,6.5,11.625,7.125],"rotation":0,"texture":"#0","tintindex":0}}},{"from":[6.857143,6.857143,5.714286],"to":[9.142858,8.0,7.428571],"rotation":{"angle":0.0,"axis":"y","origin":[8.0,7.428571,6.5714283]},"faces":{"east":{"uv":[7.125,9.0,7.5,9.25],"rotation":0,"texture":"#0","tintindex":0},"south":{"uv":[10.875,8.25,11.375,8.5],"rotation":0,"texture":"#0","tintindex":0},"north":{"uv":[10.5,9.375,11.0,9.625],"rotation":0,"texture":"#0","tintindex":0},"west":{"uv":[11.0,9.375,11.375,9.625],"rotation":0,"texture":"#0","tintindex":0},"up":{"uv":[12.875,9.875,12.375,9.5],"rotation":0,"texture":"#0","tintindex":0},"down":{"uv":[12.875,9.875,12.375,10.25],"rotation":0,"texture":"#0","tintindex":0}}}],"display":{"head":{"translation":[0.0,-6.4,0.0],"scale":[4.0,4.0,4.0]}}}