{"textures":{"0":"modelengine:entity/kindletronsr4"},"elements":[{"from":[6.857143,3.9428568,8.0],"to":[8.571428,8.0,9.142858],"rotation":{"angle":0.0,"axis":"y","origin":[7.714286,6.4142857,9.142858]},"faces":{"east":{"uv":[11.625,12.25,11.375,13.125],"rotation":0,"texture":"#0","tintindex":0},"south":{"uv":[12.625,8.25,12.25,9.125],"rotation":0,"texture":"#0","tintindex":0},"north":{"uv":[6.75,12.25,6.375,13.125],"rotation":0,"texture":"#0","tintindex":0},"west":{"uv":[10.875,6.5,10.625,7.375],"rotation":0,"texture":"#0","tintindex":0},"up":{"uv":[12.5,7.5,12.875,7.25],"rotation":0,"texture":"#0","tintindex":0},"down":{"uv":[12.5,7.5,12.875,7.75],"rotation":0,"texture":"#0","tintindex":0}}},{"from":[6.857143,5.714286,9.142858],"to":[8.571428,8.0,10.285714],"rotation":{"angle":0.0,"axis":"y","origin":[7.714286,6.4142857,9.142858]},"faces":{"east":{"uv":[4.625,12.5,4.375,13.0],"rotation":0,"texture":"#0","tintindex":0},"south":{"uv":[7.5,8.5,7.125,9.0],"rotation":0,"texture":"#0","tintindex":0},"north":{"uv":[7.75,0.75,7.375,1.25],"rotation":0,"texture":"#0","tintindex":0},"west":{"uv":[1.25,12.5,1.0,13.0],"rotation":0,"texture":"#0","tintindex":0},"up":{"uv":[12.5,8.0,12.875,7.75],"rotation":0,"texture":"#0","tintindex":0},"down":{"uv":[12.5,8.0,12.875,8.25],"rotation":0,"texture":"#0","tintindex":0}}}],"display":{"head":{"translation":[0.0,-6.4,0.0],"scale":[4.0,4.0,4.0]}}}